{
  "backend": "char_ngram_nb_runtime",
  "test_size": 496,
  "intent_accuracy": 0.9758064516129032,
  "intent_macro_f1": 0.9653162236492323,
  "dangerous_fp_rate": 0.0,
  "dangerous_fp_count": 0,
  "fallback_total": 54,
  "slot_key_accuracy": 1.0,
  "slot_key_total": 1845,
  "slot_key_hit": 1845,
  "label_distribution": {
    "deploy_mcv": 22,
    "composite_sequence": 30,
    "produce": 134,
    "explore": 42,
    "query_actor": 62,
    "fallback_other": 54,
    "attack": 110,
    "mine": 42
  },
  "per_label": {
    "attack": {
      "precision": 0.990909090909091,
      "recall": 0.990909090909091,
      "f1": 0.990909090909091,
      "support": 110
    },
    "composite_sequence": {
      "precision": 0.9333333333333333,
      "recall": 0.9333333333333333,
      "f1": 0.9333333333333333,
      "support": 30
    },
    "deploy_mcv": {
      "precision": 0.8461538461538461,
      "recall": 1.0,
      "f1": 0.9166666666666666,
      "support": 22
    },
    "explore": {
      "precision": 1.0,
      "recall": 1.0,
      "f1": 1.0,
      "support": 42
    },
    "fallback_other": {
      "precision": 0.9591836734693877,
      "recall": 0.8703703703703703,
      "f1": 0.912621359223301,
      "support": 54
    },
    "mine": {
      "precision": 0.9767441860465116,
      "recall": 1.0,
      "f1": 0.988235294117647,
      "support": 42
    },
    "produce": {
      "precision": 0.9924812030075187,
      "recall": 0.9850746268656716,
      "f1": 0.9887640449438201,
      "support": 134
    },
    "query_actor": {
      "precision": 0.9841269841269841,
      "recall": 1.0,
      "f1": 0.9919999999999999,
      "support": 62
    }
  },
  "confusion": {
    "attack": {
      "attack": 109,
      "composite_sequence": 0,
      "deploy_mcv": 0,
      "explore": 0,
      "fallback_other": 1,
      "mine": 0,
      "produce": 0,
      "query_actor": 0
    },
    "composite_sequence": {
      "attack": 1,
      "composite_sequence": 28,
      "deploy_mcv": 0,
      "explore": 0,
      "fallback_other": 0,
      "mine": 0,
      "produce": 1,
      "query_actor": 0
    },
    "deploy_mcv": {
      "attack": 0,
      "composite_sequence": 0,
      "deploy_mcv": 22,
      "explore": 0,
      "fallback_other": 0,
      "mine": 0,
      "produce": 0,
      "query_actor": 0
    },
    "explore": {
      "attack": 0,
      "composite_sequence": 0,
      "deploy_mcv": 0,
      "explore": 42,
      "fallback_other": 0,
      "mine": 0,
      "produce": 0,
      "query_actor": 0
    },
    "fallback_other": {
      "attack": 0,
      "composite_sequence": 1,
      "deploy_mcv": 4,
      "explore": 0,
      "fallback_other": 47,
      "mine": 1,
      "produce": 0,
      "query_actor": 1
    },
    "mine": {
      "attack": 0,
      "composite_sequence": 0,
      "deploy_mcv": 0,
      "explore": 0,
      "fallback_other": 0,
      "mine": 42,
      "produce": 0,
      "query_actor": 0
    },
    "produce": {
      "attack": 0,
      "composite_sequence": 1,
      "deploy_mcv": 0,
      "explore": 0,
      "fallback_other": 1,
      "mine": 0,
      "produce": 132,
      "query_actor": 0
    },
    "query_actor": {
      "attack": 0,
      "composite_sequence": 0,
      "deploy_mcv": 0,
      "explore": 0,
      "fallback_other": 0,
      "mine": 0,
      "produce": 0,
      "query_actor": 62
    }
  }
}