{
  "backend": "char_ngram_nb_runtime",
  "test_size": 506,
  "intent_accuracy": 0.9486166007905138,
  "intent_macro_f1": 0.9366847651970742,
  "dangerous_fp_rate": 0.0,
  "dangerous_fp_count": 0,
  "fallback_total": 59,
  "slot_key_accuracy": 0.5834248079034029,
  "slot_key_total": 1822,
  "slot_key_hit": 1063,
  "label_distribution": {
    "deploy_mcv": 25,
    "produce": 131,
    "attack": 109,
    "fallback_other": 59,
    "explore": 43,
    "mine": 44,
    "composite_sequence": 31,
    "query_actor": 64
  },
  "per_label": {
    "attack": {
      "precision": 1.0,
      "recall": 0.9908256880733946,
      "f1": 0.9953917050691244,
      "support": 109
    },
    "composite_sequence": {
      "precision": 0.9117647058823529,
      "recall": 1.0,
      "f1": 0.9538461538461539,
      "support": 31
    },
    "deploy_mcv": {
      "precision": 0.78125,
      "recall": 1.0,
      "f1": 0.8771929824561403,
      "support": 25
    },
    "explore": {
      "precision": 0.9555555555555556,
      "recall": 1.0,
      "f1": 0.9772727272727273,
      "support": 43
    },
    "fallback_other": {
      "precision": 0.975,
      "recall": 0.6610169491525424,
      "f1": 0.7878787878787878,
      "support": 59
    },
    "mine": {
      "precision": 0.9565217391304348,
      "recall": 1.0,
      "f1": 0.9777777777777777,
      "support": 44
    },
    "produce": {
      "precision": 0.9407407407407408,
      "recall": 0.9694656488549618,
      "f1": 0.9548872180451129,
      "support": 131
    },
    "query_actor": {
      "precision": 0.9545454545454546,
      "recall": 0.984375,
      "f1": 0.9692307692307692,
      "support": 64
    }
  },
  "confusion": {
    "attack": {
      "attack": 108,
      "composite_sequence": 0,
      "deploy_mcv": 0,
      "explore": 0,
      "fallback_other": 1,
      "mine": 0,
      "produce": 0,
      "query_actor": 0
    },
    "composite_sequence": {
      "attack": 0,
      "composite_sequence": 31,
      "deploy_mcv": 0,
      "explore": 0,
      "fallback_other": 0,
      "mine": 0,
      "produce": 0,
      "query_actor": 0
    },
    "deploy_mcv": {
      "attack": 0,
      "composite_sequence": 0,
      "deploy_mcv": 25,
      "explore": 0,
      "fallback_other": 0,
      "mine": 0,
      "produce": 0,
      "query_actor": 0
    },
    "explore": {
      "attack": 0,
      "composite_sequence": 0,
      "deploy_mcv": 0,
      "explore": 43,
      "fallback_other": 0,
      "mine": 0,
      "produce": 0,
      "query_actor": 0
    },
    "fallback_other": {
      "attack": 0,
      "composite_sequence": 1,
      "deploy_mcv": 6,
      "explore": 2,
      "fallback_other": 39,
      "mine": 2,
      "produce": 8,
      "query_actor": 1
    },
    "mine": {
      "attack": 0,
      "composite_sequence": 0,
      "deploy_mcv": 0,
      "explore": 0,
      "fallback_other": 0,
      "mine": 44,
      "produce": 0,
      "query_actor": 0
    },
    "produce": {
      "attack": 0,
      "composite_sequence": 2,
      "deploy_mcv": 0,
      "explore": 0,
      "fallback_other": 0,
      "mine": 0,
      "produce": 127,
      "query_actor": 2
    },
    "query_actor": {
      "attack": 0,
      "composite_sequence": 0,
      "deploy_mcv": 1,
      "explore": 0,
      "fallback_other": 0,
      "mine": 0,
      "produce": 0,
      "query_actor": 63
    }
  }
}