{
  "passed": true,
  "failures": [],
  "metrics": {
    "backend": "char_ngram_nb_runtime",
    "test_size": 506,
    "intent_accuracy": 0.9486166007905138,
    "intent_macro_f1": 0.9366847651970742,
    "dangerous_fp_rate": 0.0,
    "dangerous_fp_count": 0,
    "fallback_total": 59,
    "slot_key_accuracy": 1.0,
    "slot_key_total": 1822,
    "slot_key_hit": 1822,
    "label_distribution": {
      "deploy_mcv": 25,
      "produce": 131,
      "attack": 109,
      "fallback_other": 59,
      "explore": 43,
      "mine": 44,
      "composite_sequence": 31,
      "query_actor": 64
    },
    "per_label": {
      "attack": {
        "precision": 1.0,
        "recall": 0.9908256880733946,
        "f1": 0.9953917050691244,
        "support": 109
      },
      "composite_sequence": {
        "precision": 0.9117647058823529,
        "recall": 1.0,
        "f1": 0.9538461538461539,
        "support": 31
      },
      "deploy_mcv": {
        "precision": 0.78125,
        "recall": 1.0,
        "f1": 0.8771929824561403,
        "support": 25
      },
      "explore": {
        "precision": 0.9555555555555556,
        "recall": 1.0,
        "f1": 0.9772727272727273,
        "support": 43
      },
      "fallback_other": {
        "precision": 0.975,
        "recall": 0.6610169491525424,
        "f1": 0.7878787878787878,
        "support": 59
      },
      "mine": {
        "precision": 0.9565217391304348,
        "recall": 1.0,
        "f1": 0.9777777777777777,
        "support": 44
      },
      "produce": {
        "precision": 0.9407407407407408,
        "recall": 0.9694656488549618,
        "f1": 0.9548872180451129,
        "support": 131
      },
      "query_actor": {
        "precision": 0.9545454545454546,
        "recall": 0.984375,
        "f1": 0.9692307692307692,
        "support": 64
      }
    },
    "confusion": {
      "attack": {
        "attack": 108,
        "composite_sequence": 0,
        "deploy_mcv": 0,
        "explore": 0,
        "fallback_other": 1,
        "mine": 0,
        "produce": 0,
        "query_actor": 0
      },
      "composite_sequence": {
        "attack": 0,
        "composite_sequence": 31,
        "deploy_mcv": 0,
        "explore": 0,
        "fallback_other": 0,
        "mine": 0,
        "produce": 0,
        "query_actor": 0
      },
      "deploy_mcv": {
        "attack": 0,
        "composite_sequence": 0,
        "deploy_mcv": 25,
        "explore": 0,
        "fallback_other": 0,
        "mine": 0,
        "produce": 0,
        "query_actor": 0
      },
      "explore": {
        "attack": 0,
        "composite_sequence": 0,
        "deploy_mcv": 0,
        "explore": 43,
        "fallback_other": 0,
        "mine": 0,
        "produce": 0,
        "query_actor": 0
      },
      "fallback_other": {
        "attack": 0,
        "composite_sequence": 1,
        "deploy_mcv": 6,
        "explore": 2,
        "fallback_other": 39,
        "mine": 2,
        "produce": 8,
        "query_actor": 1
      },
      "mine": {
        "attack": 0,
        "composite_sequence": 0,
        "deploy_mcv": 0,
        "explore": 0,
        "fallback_other": 0,
        "mine": 44,
        "produce": 0,
        "query_actor": 0
      },
      "produce": {
        "attack": 0,
        "composite_sequence": 2,
        "deploy_mcv": 0,
        "explore": 0,
        "fallback_other": 0,
        "mine": 0,
        "produce": 127,
        "query_actor": 2
      },
      "query_actor": {
        "attack": 0,
        "composite_sequence": 0,
        "deploy_mcv": 1,
        "explore": 0,
        "fallback_other": 0,
        "mine": 0,
        "produce": 0,
        "query_actor": 63
      }
    }
  },
  "dataset": {
    "total": 3322,
    "train": 2323,
    "dev": 493,
    "test": 506,
    "distribution": {
      "attack": 722,
      "composite_sequence": 203,
      "deploy_mcv": 159,
      "explore": 279,
      "fallback_other": 386,
      "mine": 286,
      "produce": 868,
      "query_actor": 419
    }
  },
  "prelabel": {
    "input_rows": 3293,
    "output_rows": 3293,
    "llm_enabled": true,
    "llm_calls": 0,
    "llm_success": 0,
    "fallback_count": 6,
    "preserved_labeled_rows": 3287,
    "model": "deepseek-chat",
    "base_url": "https://api.deepseek.com"
  },
  "runtime_gateway_smoke": {
    "gateway_status": {
      "agent": "smoke",
      "phase": "phase6_nlu_ga",
      "enabled": true,
      "active": true,
      "shadow_mode": false,
      "model_loaded": true,
      "runtime_model_path": "nlu_pipeline/artifacts/intent_model_runtime.json",
      "safe_intents": [
        "deploy_mcv",
        "produce",
        "explore",
        "mine",
        "query_actor"
      ],
      "attack_gated_enabled": true,
      "composite_gated_enabled": true,
      "online_collection_enabled": true,
      "decision_log_path": "/home/shisui/theseed/THE-Seed-OpenRA/nlu_pipeline/data/raw/online/nlu_decisions.jsonl",
      "rollout_enabled": true,
      "rollout_percentage": 100.0
    },
    "route_count": 3,
    "fallback_count": 6,
    "cases": [
      {
        "text": "造两个步兵",
        "source": "llm_fallback",
        "reason": "composite_router_intent_not_composite",
        "intent": "composite_sequence",
        "confidence": 0.9959833057111148,
        "success": true
      },
      {
        "text": "展开基地车",
        "source": "nlu_route",
        "reason": "safe_intent_routed",
        "intent": "deploy_mcv",
        "confidence": 0.9123305284637334,
        "success": true
      },
      {
        "text": "先展开基地车然后造两个步兵",
        "source": "nlu_route",
        "reason": "composite_gated_routed",
        "intent": "composite_sequence",
        "confidence": 1.0,
        "success": true
      },
      {
        "text": "打开设置",
        "source": "llm_fallback",
        "reason": "blocked_by_safety_pattern",
        "intent": null,
        "confidence": 0.0,
        "success": true
      },
      {
        "text": "停止攻击",
        "source": "llm_fallback",
        "reason": "blocked_by_safety_pattern",
        "intent": null,
        "confidence": 0.0,
        "success": true
      },
      {
        "text": "用坦克攻击敌方矿车",
        "source": "nlu_route",
        "reason": "attack_gated_routed",
        "intent": "attack",
        "confidence": 0.9999999414337083,
        "success": true
      },
      {
        "text": "先造两个步兵然后进攻敌方矿车",
        "source": "llm_fallback",
        "reason": "composite_attack_step_forbidden",
        "intent": "composite_sequence",
        "confidence": 1.0,
        "success": true
      },
      {
        "text": "我想打个招呼",
        "source": "llm_fallback",
        "reason": "predicted_intent_not_safe",
        "intent": "fallback_other",
        "confidence": 1.0,
        "success": true
      },
      {
        "text": "全军出击",
        "source": "llm_fallback",
        "reason": "predicted_intent_not_safe",
        "intent": "fallback_other",
        "confidence": 0.772833173414358,
        "success": true
      }
    ],
    "failures": [],
    "passed": true
  },
  "phase6_runtest": {
    "gateway_status": {
      "agent": "phase6_runtest",
      "phase": "phase6_nlu_ga",
      "enabled": true,
      "active": true,
      "shadow_mode": false,
      "model_loaded": true,
      "runtime_model_path": "nlu_pipeline/artifacts/intent_model_runtime.json",
      "safe_intents": [
        "deploy_mcv",
        "produce",
        "explore",
        "mine",
        "query_actor"
      ],
      "attack_gated_enabled": true,
      "composite_gated_enabled": true,
      "online_collection_enabled": true,
      "decision_log_path": "/home/shisui/theseed/THE-Seed-OpenRA/nlu_pipeline/data/raw/online/nlu_decisions.jsonl",
      "rollout_enabled": true,
      "rollout_percentage": 100.0
    },
    "totals": {
      "events": 506,
      "route_count": 227,
      "fallback_count": 279,
      "route_rate": 0.44861660079051385,
      "low_risk_total": 307,
      "low_risk_route_rate": 0.5830618892508144,