{
  "backend": "char_ngram_nb",
  "train_size": 7114,
  "dev_size": 1522,
  "dev_metrics": {
    "accuracy": 0.9461235216819974,
    "macro_f1": 0.925780324689073,
    "per_label": {
      "attack": {
        "precision": 0.9877551020408163,
        "recall": 0.9958847736625515,
        "f1": 0.9918032786885246,
        "support": 243
      },
      "composite_sequence": {
        "precision": 0.9291338582677166,
        "recall": 0.9833333333333333,
        "f1": 0.9554655870445343,
        "support": 120
      },
      "deploy_mcv": {
        "precision": 0.5510204081632653,
        "recall": 0.9818181818181818,
        "f1": 0.7058823529411764,
        "support": 55
      },
      "explore": {
        "precision": 0.8666666666666667,
        "recall": 0.9512195121951219,
        "f1": 0.9069767441860465,
        "support": 82
      },
      "fallback_other": {
        "precision": 1.0,
        "recall": 0.8156424581005587,
        "f1": 0.8984615384615384,
        "support": 358
      },
      "mine": {
        "precision": 0.9578947368421052,
        "recall": 1.0,
        "f1": 0.978494623655914,
        "support": 91
      },
      "produce": {
        "precision": 0.989041095890411,
        "recall": 0.978319783197832,
        "f1": 0.9836512261580382,
        "support": 369
      },
      "query_actor": {
        "precision": 0.9714285714285714,
        "recall": 1.0,
        "f1": 0.9855072463768115,
        "support": 204
      }
    }
  },
  "train_distribution": {
    "deploy_mcv": 257,
    "composite_sequence": 560,
    "produce": 1723,
    "explore": 387,
    "query_actor": 955,
    "fallback_other": 1670,
    "attack": 1136,
    "mine": 426
  },
  "dev_distribution": {
    "deploy_mcv": 55,
    "composite_sequence": 120,
    "produce": 369,
    "explore": 82,
    "query_actor": 204,
    "fallback_other": 358,
    "attack": 243,
    "mine": 91
  },
  "runtime_model_out": "nlu_pipeline/artifacts/intent_model_runtime.json"
}