{
  "passed": true,
  "failures": [],
  "metrics": {
    "backend": "char_ngram_nb_runtime",
    "test_size": 1532,
    "intent_accuracy": 0.9543080939947781,
    "intent_macro_f1": 0.936848353870903,
    "dangerous_fp_rate": 0.002785515320334262,
    "dangerous_fp_count": 1,
    "fallback_total": 359,
    "slot_key_accuracy": 0.6744913928012519,
    "slot_key_total": 1917,
    "slot_key_hit": 1293,
    "label_distribution": {
      "deploy_mcv": 56,
      "composite_sequence": 120,
      "produce": 370,
      "explore": 84,
      "query_actor": 206,
      "fallback_other": 359,
      "attack": 245,
      "mine": 92
    },
    "per_label": {
      "attack": {
        "precision": 0.9959016393442623,
        "recall": 0.9918367346938776,
        "f1": 0.9938650306748468,
        "support": 245
      },
      "composite_sequence": {
        "precision": 0.9083969465648855,
        "recall": 0.9916666666666667,
        "f1": 0.9482071713147411,
        "support": 120
      },
      "deploy_mcv": {
        "precision": 0.6835443037974683,
        "recall": 0.9642857142857143,
        "f1": 0.7999999999999999,
        "support": 56
      },
      "explore": {
        "precision": 0.8,
        "recall": 0.9523809523809523,
        "f1": 0.8695652173913043,
        "support": 84
      },
      "fallback_other": {
        "precision": 1.0,
        "recall": 0.8440111420612814,
        "f1": 0.9154078549848942,
        "support": 359
      },
      "mine": {
        "precision": 0.989247311827957,
        "recall": 1.0,
        "f1": 0.9945945945945946,
        "support": 92
      },
      "produce": {
        "precision": 0.9812332439678284,
        "recall": 0.9891891891891892,
        "f1": 0.9851951547779274,
        "support": 370
      },
      "query_actor": {
        "precision": 0.9808612440191388,
        "recall": 0.9951456310679612,
        "f1": 0.9879518072289156,
        "support": 206
      }
    },
    "confusion": {
      "attack": {
        "attack": 243,
        "composite_sequence": 2,
        "deploy_mcv": 0,
        "explore": 0,
        "fallback_other": 0,
        "mine": 0,
        "produce": 0,
        "query_actor": 0
      },
      "composite_sequence": {
        "attack": 0,
        "composite_sequence": 119,
        "deploy_mcv": 0,
        "explore": 0,
        "fallback_other": 0,
        "mine": 0,
        "produce": 1,
        "query_actor": 0
      },
      "deploy_mcv": {
        "attack": 0,
        "composite_sequence": 2,
        "deploy_mcv": 54,
        "explore": 0,
        "fallback_other": 0,
        "mine": 0,
        "produce": 0,
        "query_actor": 0
      },
      "explore": {
        "attack": 0,
        "composite_sequence": 1,
        "deploy_mcv": 0,
        "explore": 80,
        "fallback_other": 0,
        "mine": 0,
        "produce": 0,
        "query_actor": 3
      },
      "fallback_other": {
        "attack": 1,
        "composite_sequence": 2,
        "deploy_mcv": 25,
        "explore": 20,
        "fallback_other": 303,
        "mine": 1,
        "produce": 6,
        "query_actor": 1
      },
      "mine": {
        "attack": 0,
        "composite_sequence": 0,
        "deploy_mcv": 0,
        "explore": 0,
        "fallback_other": 0,
        "mine": 92,
        "produce": 0,
        "query_actor": 0
      },
      "produce": {
        "attack": 0,
        "composite_sequence": 4,
        "deploy_mcv": 0,
        "explore": 0,
        "fallback_other": 0,
        "mine": 0,
        "produce": 366,
        "query_actor": 0
      },
      "query_actor": {
        "attack": 0,
        "composite_sequence": 1,
        "deploy_mcv": 0,
        "explore": 0,
        "fallback_other": 0,
        "mine": 0,
        "produce": 0,
        "query_actor": 205
      }
    }
  },
  "dataset": {
    "total": 10172,
    "train": 7117,
    "dev": 1523,
    "test": 1532,
    "distribution": {
      "attack": 1624,
      "composite_sequence": 800,
      "deploy_mcv": 368,
      "explore": 554,
      "fallback_other": 2389,
      "mine": 609,
      "produce": 2463,
      "query_actor": 1365
    }
  },
  "prelabel": {
    "input_rows": 10150,
    "output_rows": 10150,
    "llm_enabled": true,
    "llm_calls": 0,
    "llm_success": 0,
    "fallback_count": 192,
    "preserved_labeled_rows": 9958,
    "model": "deepseek-chat",
    "base_url": "https://api.deepseek.com"
  },
  "runtime_gateway_smoke": {
    "gateway_status": {
      "agent": "smoke",
      "phase": "phase6_nlu_ga",
      "enabled": true,
      "active": true,
      "shadow_mode": false,
      "model_loaded": true,
      "runtime_model_path": "nlu_pipeline/artifacts/intent_model_runtime.json",
      "safe_intents": [
        "deploy_mcv",
        "produce",
        "explore",
        "mine",
        "query_actor",
        "stop_attack"
      ],
      "attack_gated_enabled": true,
      "composite_gated_enabled": true,
      "online_collection_enabled": true,
      "decision_log_path": "/home/shisui/theseed/THE-Seed-OpenRA/nlu_pipeline/data/raw/online/nlu_decisions.jsonl",
      "rollout_enabled": true,
      "rollout_percentage": 100.0
    },
    "route_count": 5,
    "fallback_count": 4,
    "cases": [
      {
        "text": "造两个步兵",
        "source": "nlu_route",
        "reason": "safe_router_override",
        "intent": "composite_sequence",
        "confidence": 0.992302140039985,
        "success": true
      },
      {
        "text": "展开基地车",
        "source": "nlu_route",
        "reason": "safe_intent_routed",
        "intent": "deploy_mcv",
        "confidence": 0.9796412879517977,
        "success": true
      },
      {
        "text": "先展开基地车然后造两个步兵",
        "source": "nlu_route",
        "reason": "composite_gated_routed",
        "intent": "composite_sequence",
        "confidence": 1.0,
        "success": true
      },
      {
        "text": "打开设置",
        "source": "llm_fallback",
        "reason": "blocked_by_safety_pattern",
        "intent": null,
        "confidence": 0.0,
        "success": true
      },
      {
        "text": "停止攻击",
        "source": "nlu_route",
        "reason": "stop_attack_direct_route",
        "intent": "stop_attack",
        "confidence": 1.0,
        "success": true
      },
      {
        "text": "用坦克攻击敌方矿车",
        "source": "nlu_route",
        "reason": "attack_gated_routed",
        "intent": "attack",
        "confidence": 1.0,
        "success": true
      },
      {
        "text": "先造两个步兵然后进攻敌方矿车",
        "source": "llm_fallback",
        "reason": "composite_attack_step_forbidden",
        "intent": "composite_sequence",
        "confidence": 1.0,
        "success": true
      },
      {
        "text": "我想打个招呼",
        "source": "llm_fallback",
        "reason": "predicted_intent_not_safe",
        "intent": "fallback_other",
        "confidence": 0.9999999999999982,
        "success": true
      },
      {
        "text": "全军出击",
        "source": "llm_fallback",
        "reason": "attack_router_unmatched:render_failed",
        "intent": "attack",
        "confidence": 0.8442499875432916,
        "success": true
      }
    ],
    "failures": [],
    "passed": true
  },
  "runtime_runtest": {
    "gateway_status": {
      "agent": "runtime_runtest",
      "phase": "phase6_nlu_ga",
      "enabled": true,
      "active": true,
      "shadow_mode": false,
      "model_loaded": true,
      "runtime_model_path": "nlu_pipeline/artifacts/intent_model_runtime.json",
      "safe_intents": [
        "deploy_mcv",
        "produce",
        "explore",
        "mine",
        "query_actor",
        "stop_attack"
      ],
      "attack_gated_enabled": true,
      "composite_gated_enabled": true,
      "online_collection_enabled": true,
      "decision_log_path": "/home/shisui/theseed/THE-Seed-OpenRA/nlu_pipeline/data/raw/online/nlu_decisions.jsonl",
      "rollout_enabled": true,
      "rollout_percentage": 100.0
    },
    "totals": {
      "events": 800,
      "route_count": 447,